{"data_time": 0.16389264119789004, "eta_seconds": 420016.5677688271, "fast_rcnn/cls_accuracy": 0.989990234375, "fast_rcnn/false_negative": 1.0, "fast_rcnn/fg_cls_accuracy": 0.0, "iteration": 19, "loss_box_reg": 0.006159115815535188, "loss_cls": 0.16715411096811295, "loss_mask": 0.6835149824619293, "loss_rpn_cls": 0.6719401478767395, "loss_rpn_loc": 0.023360751569271088, "lr": 0.0003996199999999999, "mask_rcnn/accuracy": 0.7658191298497421, "mask_rcnn/false_negative": 0.9878779060970044, "mask_rcnn/false_positive": 0.008591330335556641, "roi_head/num_bg_samples": 509.375, "roi_head/num_fg_samples": 2.625, "rpn/num_neg_anchors": 248.3125, "rpn/num_pos_anchors": 7.6875, "time": 1.5557321570813656, "total_loss": 1.5347579077351838}
{"data_time": 0.19467874336987734, "eta_seconds": 436062.87961028516, "fast_rcnn/cls_accuracy": 0.97357177734375, "fast_rcnn/false_negative": 1.0, "fast_rcnn/fg_cls_accuracy": 0.0, "iteration": 39, "loss_box_reg": 0.09849246591329575, "loss_cls": 0.2618730515241623, "loss_mask": 0.4590901881456375, "loss_rpn_cls": 0.0965072400867939, "loss_rpn_loc": 0.021125431172549725, "lr": 0.0007992199999999999, "mask_rcnn/accuracy": 0.7984822264579989, "mask_rcnn/false_negative": 1.0, "mask_rcnn/false_positive": 0.0, "roi_head/num_bg_samples": 498.46875, "roi_head/num_fg_samples": 13.53125, "rpn/num_neg_anchors": 248.1875, "rpn/num_pos_anchors": 7.8125, "time": 1.6662978962995112, "total_loss": 0.9886118387803435}
{"data_time": 0.19675082387402654, "eta_seconds": 447528.4854032099, "fast_rcnn/cls_accuracy": 0.9661865234375, "fast_rcnn/false_negative": 1.0, "fast_rcnn/fg_cls_accuracy": 0.0, "iteration": 59, "loss_box_reg": 0.12833760678768158, "loss_cls": 0.17378097027540207, "loss_mask": 0.43737439811229706, "loss_rpn_cls": 0.04141254909336567, "loss_rpn_loc": 0.019099334254860878, "lr": 0.00119882, "mask_rcnn/accuracy": 0.8004922832659633, "mask_rcnn/false_negative": 1.0, "mask_rcnn/false_positive": 0.0, "roi_head/num_bg_samples": 494.6875, "roi_head/num_fg_samples": 17.3125, "rpn/num_neg_anchors": 248.1875, "rpn/num_pos_anchors": 7.8125, "time": 1.7150513124652207, "total_loss": 0.8171391189098358}
{"data_time": 0.19430747907608747, "eta_seconds": 451573.93286287785, "fast_rcnn/cls_accuracy": 0.9674072265625, "fast_rcnn/false_negative": 1.0, "fast_rcnn/fg_cls_accuracy": 0.0, "iteration": 79, "loss_box_reg": 0.1232617162168026, "loss_cls": 0.11619734764099121, "loss_mask": 0.41751937568187714, "loss_rpn_cls": 0.025700395926833153, "loss_rpn_loc": 0.018295415677130222, "lr": 0.0015984200000000001, "mask_rcnn/accuracy": 0.7983426295154776, "mask_rcnn/false_negative": 1.0, "mask_rcnn/false_positive": 0.0, "roi_head/num_bg_samples": 495.28125, "roi_head/num_fg_samples": 16.71875, "rpn/num_neg_anchors": 248.40625, "rpn/num_pos_anchors": 7.59375, "time": 1.7133932751603425, "total_loss": 0.7010377142578363}
{"data_time": 0.1933801844716072, "eta_seconds": 452439.52500578016, "fast_rcnn/cls_accuracy": 0.966796875, "fast_rcnn/false_negative": 0.9557913113543275, "fast_rcnn/fg_cls_accuracy": 0.03214881463883132, "iteration": 99, "loss_box_reg": 0.12410308048129082, "loss_cls": 0.10536790266633034, "loss_mask": 0.39001934230327606, "loss_rpn_cls": 0.018968794494867325, "loss_rpn_loc": 0.016274569556117058, "lr": 0.0019980199999999997, "mask_rcnn/accuracy": 0.7973190668527871, "mask_rcnn/false_negative": 1.0, "mask_rcnn/false_positive": 0.0, "roi_head/num_bg_samples": 494.75, "roi_head/num_fg_samples": 17.25, "rpn/num_neg_anchors": 248.375, "rpn/num_pos_anchors": 7.625, "time": 1.7013517990708351, "total_loss": 0.6637578853406012}
{"data_time": 0.16290486371144652, "eta_seconds": 454340.22382143885, "fast_rcnn/cls_accuracy": 0.968017578125, "fast_rcnn/false_negative": 0.850663887602285, "fast_rcnn/fg_cls_accuracy": 0.11005866913694612, "iteration": 119, "loss_box_reg": 0.1190432570874691, "loss_cls": 0.09143899753689766, "loss_mask": 0.3474169969558716, "loss_rpn_cls": 0.016837301664054394, "loss_rpn_loc": 0.017358753830194473, "lr": 0.00239762, "mask_rcnn/accuracy": 0.8234034663597365, "mask_rcnn/false_negative": 0.8262710396526753, "mask_rcnn/false_positive": 0.00510147516254948, "roi_head/num_bg_samples": 495.15625, "roi_head/num_fg_samples": 16.84375, "rpn/num_neg_anchors": 248.375, "rpn/num_pos_anchors": 7.625, "time": 1.7089697611518204, "total_loss": 0.5935762347653508}
{"data_time": 0.19544221740216017, "eta_seconds": 455460.97388231196, "fast_rcnn/cls_accuracy": 0.9686279296875, "fast_rcnn/false_negative": 0.7117352614015573, "fast_rcnn/fg_cls_accuracy": 0.23899344529777478, "iteration": 139, "loss_box_reg": 0.11843055114150047, "loss_cls": 0.08649367466568947, "loss_mask": 0.30117467045783997, "loss_rpn_cls": 0.01481829583644867, "loss_rpn_loc": 0.018861700780689716, "lr": 0.0027972200000000004, "mask_rcnn/accuracy": 0.871372884337838, "mask_rcnn/false_negative": 0.43584868294404655, "mask_rcnn/false_positive": 0.03426418145966481, "roi_head/num_bg_samples": 494.5, "roi_head/num_fg_samples": 17.5, "rpn/num_neg_anchors": 248.125, "rpn/num_pos_anchors": 7.875, "time": 1.725587914697826, "total_loss": 0.5355385318398476}
{"data_time": 0.19360208371654153, "eta_seconds": 457468.0993922055, "fast_rcnn/cls_accuracy": 0.96734619140625, "fast_rcnn/false_negative": 0.7548076923076923, "fast_rcnn/fg_cls_accuracy": 0.21053946053946054, "iteration": 159, "loss_box_reg": 0.11100944876670837, "loss_cls": 0.08763140067458153, "loss_mask": 0.2549222260713577, "loss_rpn_cls": 0.013231492135673761, "loss_rpn_loc": 0.01727314293384552, "lr": 0.0031968200000000004, "mask_rcnn/accuracy": 0.890682153601423, "mask_rcnn/false_negative": 0.36124323021516014, "mask_rcnn/false_positive": 0.03980485326079715, "roi_head/num_bg_samples": 494.5625, "roi_head/num_fg_samples": 17.4375, "rpn/num_neg_anchors": 248.28125, "rpn/num_pos_anchors": 7.71875, "time": 1.72920281579718, "total_loss": 0.48494297824800014}
